assetid,event_count,title
1528886,52485,Ларго Винч: Начало
1786886,29278,Опасное задание
2125289,29109,Соник в кино
2122284,20383,Три секунды
567998,14323,Кунг-фу Панда 3
1864178,13610,Джон Уик 3
1528805,13402,Звезда
1659802,11555,Нокаут
1825217,11360,21 мост
1529192,10019,Смертный приговор
2204844,9436,Анна
1781314,9288,Мстители: Финал
1538192,9139,Холодное лето пятьдесят третьего
568152,8976,Новый Человек-паук
1811627,7806,Алита: Боевой ангел
1428937,7774,Анон
1529174,7508,Лучшие из лучших
2200683,7301,Железное небо 2
1527764,7146,Белое солнце пустыни
1833597,7095,Безумный Макс: Дорога ярости
1424468,6953,Tomb Raider: Лара Крофт
1787271,6473,Фарт
1529183,6301,Лучшие из лучших 2
2126414,6176,Бладшот
1706473,6061,Мумия
2100227,6036,Стриптизёрши
567905,5948,007: СПЕКТР
1728736,5909,Балканский рубеж
1787238,5824,С Дона выдачи нет
1547644,5652,Человек-паук: Через вселенные
1482980,5517,Кинг Конг
572086,5499,Ограбление по-американски
1328140,5433,Суперсемейка 2
1787194,5282,Белое золото
1889044,5162,Бэтмен против Супермена: На заре справедливости
2205490,5121,1917
816730,5120,Красный Дракон
2103579,5070,Плохие парни навсегда
2142711,5058,Маленькая мисс Дулиттл
2031074,4843,Гладиатор
2054236,4781,Анна
1079551,4586,Плохие парни 2
568117,4500,007: Координаты «Скайфолл»
584763,4437,Миссия «Серенити»
581285,4411,Казино Рояль
2083732,4286,Джуманджи: Новый уровень
2560107,4126,Спасатели Малибу
1881591,4072,Варкрафт
1706491,4056,Мумия возвращается
1267170,4055,Мстители: Война бесконечности
2070902,3828,Гнев
2532363,3784,Сквозь снег
2103935,3759,Поезд смерти
1516974,3721,Мара. Пожиратель снов
2200818,3684,Шугалей
1276214,3655,Голодные игры
804052,3644,Два ствола
2173606,3504,Под Сильвер-Лэйк
2162761,3394,Полтора шпиона
1276221,3350,Голодные игры: И вспыхнет пламя
1524534,3321,Такси 2
1800343,3299,Братство
1524262,3275,Такси 5
568299,3267,Бен-Гур
2238199,3267,Ритм-секция
1235611,3244,9 рота
1125200,3241,Джунгли
1704556,3201,Как приручить дракона 3
1116806,3171,Телохранитель киллера
811628,3166,Гадкий я 3
1235674,3161,Парк Юрского периода 3
1817465,3096,Человек-паук: Вдали от дома
1736462,3063,Убийца 2. Против всех
1829642,3041,Разлом Сан-Андреас
2388751,3035,Ночной беглец
1711631,3026,Валериан и город тысячи планет
1132565,2873,Тайна 7 сестер
2109959,2861,Звёздные войны: Скайуокер. Восход
2553493,2812,Рэйк
2159237,2763,Кровавый путь
300575,2748,Миньоны
1307199,2713,Операция «Шаровая молния»
1889220,2689,Расплата
1829796,2688,Кредо убийцы
2229124,2678,Банды Нью-Йорка
584651,2673,Хэнкок
2129230,2628,Могучие рейнджеры
2560026,2623,Миссия невыполнима: Последствия
2564823,2610,Сила стихии
1881525,2570,РобоКоп
1517038,2570,Мотылек
2560071,2559,Призрак в доспехах
1516834,2513,22 мили
2380550,2503,Троя
2162849,2493,Судная ночь 2
1524470,2487,Пассажир
1079558,2468,Плохие парни
582461,2405,Форсаж 8
2057052,2392,Трансформеры
2229146,2384,Турист
2560053,2325,Оверлорд
581250,2314,Квант милосердия
790396,2311,Эксперимент «Офис»
1516759,2290,Расправа
352033,2285,Легенда
344886,2278,Кровью и потом: Анаболики
2560062,2264,Особо опасен
1428969,2232,Обливион
2532330,2220,Лето 84
803801,2188,Человек-паук: Возвращение домой
1122312,2186,Джуманджи: Зов джунглей
1474407,2158,Петля времени
1276207,2129,Терминатор 2: Судный день
1122317,2124,Тор: Рагнарёк
2129219,2095,Быстрее пули
1474431,2091,Неудержимые
1636035,2091,Братья Систерс
525766,2087,Отпетые напарники
796218,2086,Глубоководный горизонт
1483036,2084,Бесславные ублюдки
1610299,2075,Бамблби
330185,2071,Мстители
1711649,2067,Дети шпионов
1095052,2049,Битва за Севастополь
1829785,2043,Фантом
2388721,2041,На гребне волны
1719691,2009,Закатать в асфальт
485023,2000,Брат 2
1524182,1994,Такси 3
2531384,1993,Дюна
1711703,1983,Дети шпионов 2: Остров несбывшихся надежд
1873297,1970,Форсаж: Хоббс и Шоу
2100205,1959,Падение ангела
1824266,1943,Терминатор 3: Восстание машин
1689815,1934,Братья Гримм
464737,1928,Операция «Ы» и другие приключения Шурика
345572,1884,Геймер
317140,1879,Черепашки-ниндзя 2
1778636,1854,Дивергент
1711622,1853,Эквилибриум
1826855,1848,Клуб анонимных киллеров
1829774,1845,Робин Гуд: Начало
2129406,1813,Сокровище Амазонки
1685697,1811,Убить Билла
1685634,1800,Убить Билла 2
1774943,1793,Так сказал Чарли
330465,1789,Мстители: Эра Альтрона
1711595,1779,Дети шпионов 3: Игра окончена
1045636,1770,Затерянный город Z
2388741,1745,Копы в глубоком запасе
1524382,1742,Люси
1419577,1723,"На Дерибасовской хорошая погода, или На Брайтон Бич опять идут дожди"
1062739,1718,Железный кулак
1497749,1718,Бабло
1706464,1715,Мумия: Гробница Императора Драконов
1801672,1715,Дракула
2532319,1707,Поезд в Пусан (расширенная версия)
2531373,1705,Охотник за головами
485016,1696,Бумер
1881723,1696,Мачо и ботан
343791,1695,3 дня на убийство
816660,1663,Побег
585737,1630,Моя девушка – монстр
1483028,1623,47 ронинов
1881558,1619,Охотники на ведьм
1474543,1618,Веном
485030,1616,Брат
2229168,1612,Убийственная команда
1824354,1609,Терминатор
336721,1604,"Петровка, 38"
1775809,1594,Экипаж
2380959,1572,Старик с пистолетом
795322,1559,Полиция Майами: Отдел нравов
330241,1539,Суперсемейка
1304683,1538,Мир юрского периода 2
1538690,1532,Училка
2564841,1530,Дурная слава
330150,1530,Первый мститель: Противостояние
2566637,1505,Шугалей 2
2559927,1495,13 часов: Тайные солдаты Бенгази
1468227,1490,Призрачный патруль
2044581,1488,Зов волка
567716,1460,Голодные игры: Сойка-пересмешница. Часть I
2129186,1460,Каратель
2057074,1449,Трансформеры 3: Тёмная сторона Луны
1238021,1448,Парк Юрского периода 2: Затерянный мир
1685643,1442,Механик
2057085,1429,Трансформеры: Месть падших
571451,1422,Человек-паук 3: Враг в отражении
568131,1420,"Умри, но не сейчас"
1133138,1419,Кот в сапогах
1881646,1417,Мачо и ботан 2
344774,1412,Закон доблести
781854,1410,Стражи Галактики. Часть 2
2531450,1410,Национальная безопасность
1889176,1406,Большие мамочки: Сын как отец
2568860,1404,10 минут спустя
1524542,1393,Боги Египта
327740,1391,Форсаж 7
2046222,1383,Гемини
1829631,1383,Телепорт
2031415,1380,Белоснежка и охотник
1825305,1380,Рэмбо: Последняя кровь 
2038407,1373,Добро пожаловать в Zомбилэнд 2
330171,1350,Стражи Галактики
348624,1344,Гнев
1801771,1340,Терминатор 2: Судный день
1616096,1338,Меркурий в опасности
2371365,1326,Надежда
1736704,1319,Поцелуй дракона
1157197,1307,Чёрная пантера
2375472,1293,Старые счёты
2559936,1277,Бегущий человек
2057063,1276,Трансформеры: Эпоха истребления
1647632,1275,Годзилла
1697356,1275,Хроники хищных городов
1647515,1265,S.W.A.T.: Спецназ города ангелов
581278,1264,Золотой глаз
2065273,1254,Зорро
330423,1241,Пираты Карибского Моря: Проклятие Черной Жемчужины
1666089,1240,Хеллбой
356114,1237,Викинг 2
2204363,1235,Убийство Николь Браун Симпсон
1468203,1226,Во имя короля: История осады подземелья
1133811,1205,Семейка Крудс
1153361,1199,Ветреная река
1482940,1197,Ю-571
1261820,1195,Тихоокеанский рубеж 2
581292,1192,Голдфингер
1736572,1190,Хроники хищных городов
346118,1190,Бриллиантовая рука
1331647,1188,Великий уравнитель 2
2031338,1188,Смертельное оружие
1836633,1181,Черный ястреб
2044053,1180,Сарай
1778680,1180,"Дивергент, глава 3: За стеной"
581341,1176,Шаровая молния
485009,1176,Бумер: Фильм второй
2204932,1174,Стелс
1730986,1170,Варавва
330409,1170,Пираты Карибского Моря: Сундук Мертвеца
1235709,1165,Обитаемый остров
1474447,1156,Неудержимые 2
570916,1155,Angry Birds в кино
1636170,1153,Репродукция
2202289,1153,Темная история
465801,1150,Механик: Воскрешение
1731376,1147,Штурм Белого дома
1517924,1146,Апгрейд
330367,1140,Доктор Стрэндж
1647596,1137,Приключения Тинтина: Тайна Единорога
1463908,1134,Время ведьм
785181,1132,Трансформеры: Последний рыцарь
1736528,1126,"Шпион, который меня кинул"
2162739,1126,Ультрафиолет
337407,1122,Новый парень моей мамы
1535321,1121,Агент Джонни Инглиш: Перезагрузка
346104,1119,Джентльмены удачи
465013,1119,Мобильник
1517051,1107,Галвестон
803614,1104,Пираты Карибского Моря: Мертвецы не рассказывают сказки
2083710,1094,Ангелы Чарли (2019)
2156847,1092,Цепь убийств
1551325,1090,Мотылёк
1709488,1089,Капитан Марвел
1497981,1081,Хот-Дог
1689797,1080,Три икса
1784020,1079,Люди в черном 2
1524294,1079,Чёрная дыра
1879548,1071,Курск
2070891,1061,Короли улиц
578310,1057,Автобан
336994,1057,Время ведьм
1881789,1055,Джейсон Борн
1775788,1040,Легенда о Коловрате
2070947,1039,Игра Ганнибала
581362,1035,Завтра не умрет никогда
345082,1033,Падение Олимпа
1801683,1030,Голодные игры: Сойка-пересмешница. Часть I
1428881,1020,Как украсть небоскреб
1784174,1016,Тарас Бульба
581376,1015,Доктор Ноу
337057,1005,РЭД
1279437,1002,Отпетый мачо
330192,988,Тор 2: Царство тьмы
580519,987,Охотники за привидениями (2016)
580820,980,2012
345537,979,Черное золото
581271,979,И целого мира мало
1463916,961,Рэмбо IV
784269,956,Грязь
462540,956,Стервозные штучки
1261399,954,Охота на воров
2162838,952,Ангелы Чарли
335146,948,Из Парижа с любовью
344935,943,Малавита
581334,938,Осьминожка
581264,936,Бриллианты навсегда
581257,935,Из России с любовью
576825,929,Соучастники
1659614,924,Невидимый гость
572626,922,Не говори мне «Прощай!»
1276582,915,Взрослые игры
1829686,915,Рыцарь дня
1864167,914,Звездные врата
581320,904,Человек с золотым пистолетом
1474399,902,Бандитки
330402,896,Пираты Карибского Моря: На Краю Света
1244660,884,Без компромиссов
2549180,882,Форсаж: Хоббс и Шоу
2528787,882,Мститель
1801628,881,Голодные игры: И вспыхнет пламя
1517037,877,Мэнди
1329393,875,Призрачный гонщик 2
300601,872,Форсаж 6
581355,866,Живешь только дважды
499318,850,Падение Лондона
581299,847,Живи и дай умереть
568530,846,Дракула
2403574,846,Легендарное ограбление
356310,846,Ниндзя: Шаг в неизвестность
1829697,843,Закатать в асфальт
337246,842,Залечь на дно в Брюгге
1497597,838,Жмурки
330416,838,Пираты Карибского Моря: На Странных Берегах
581383,830,Только для твоих глаз
330437,826,Первый мститель: Другая война
581306,825,Лунный гонщик
2057107,823,Черепашки-ниндзя
1802035,819,Люди в черном: Интернэшнл
1133803,818,Мегамозг
2556859,817,Шутки в сторону 2: Миссия в Майами
2162690,816,Британский психопат
1474335,801,РЭД
1474359,799,Железное небо
1711667,792,Ворон
2165090,791,Ангелы Чарли 2: только вперед
576581,789,Призрак в доспехах
1423281,783,Идентификация Борна
2031426,779,Смертельное оружие 3
571248,776,Робот по имени Чаппи
2031349,775,Смертельное оружие 2
2560008,775,Клуб анонимных киллеров
1423677,775,Миссия невыполнима: Последствия
171780,771,Черепашки-ниндзя
344984,769,Миф
1244683,766,Валериан и город тысячи планет
345628,766,Побег
567214,760,Падение Лондона
330136,752,Голодные игры: Сойка-пересмешница. Часть 2
1524094,748,Вавилон Н.Э.
2204855,746,Без вины виноватый
1797879,741,Пятнадцать минут войны
581390,740,Искры из глаз
580708,731,Новый Человек-паук: Высокое напряжение
1423425,730,Эволюция Борна
1801749,710,Голодные игры
330178,710,Железный Человек 3
2184342,709,Эпоха героев
1524406,708,Вспомнить всё
580722,706,Великий уравнитель
1736583,705,Отель «Артемида»
1829609,699,Ван Хельсинг
1412859,699,Стрелок
2097038,695,Зверь
1223292,690,Универсальный солдат 4
1836743,687,Черная Молния
348589,684,Последние рыцари
1826326,682,Железный рыцарь
1428873,681,Невероятный Халк
330129,674,Звёздные войны: Пробуждение силы
330339,673,Железный человек и Халк: Союз героев
172024,672,Война миров Z
581369,672,Вид на убийство
541467,670,Кодекс бесчестия
354567,670,Ультраамериканцы
1131177,669,Кунг-фу панда
1836710,665,Противостояние
2403500,665,Пресноводный
1801661,665,Робин Гуд
1706410,664,Лукас
1824167,662,Широко шагая
1809893,662,Однажды в Стокгольме
330458,661,Железный Человек 2
344197,658,Майор
1300119,658,Человек-Муравей и Оса
1497813,657,Околофутбола
345096,657,Патруль
2031228,657,Смертельное оружие 4
1132535,651,Скайлайн 2 UHD
333193,650,Форсаж
350290,644,Битва за Севастополь
347434,641,В зоне особого внимания
1116813,640,Выстрел в пустоту
1094538,638,Сделано в Америке
571388,632,Каратэ-пацан
330262,631,Город героев
1266988,625,Клин клином
580284,623,Защитники
1535222,623,Агент Джонни Инглиш
1711604,613,Никогда не говори «никогда»
487893,612,Форсаж 4
571528,608,Человек-паук
335153,606,Пипец
2556913,605,Профессионал
1244632,603,План побега
2103815,603,"Гангстер, коп и дьявол"
1800064,600,Балканский рубеж
1704652,596,Тень
1412875,596,Судная ночь. Начало
795315,595,Скотт Пилигрим против всех
1419617,594,Волкодав из рода Серых Псов
1123991,592,Человек человеку волк
344225,591,Помпеи
330157,590,Человек-муравей
346699,584,Ответный ход
2173386,582,Возвращение героя
336196,580,Деревенский детектив
1235597,578,Код апокалипсиса
2043800,576,Несчастье
2236045,574,"Гангстер, коп и дьявол UHD"
1131185,570,Кунг-фу панда 3
336651,570,"Огарева, 6"
581313,568,Лицензия на убийство
1788527,566,Снегоуборщик
1432466,565,Кандагар
345859,565,Беги без оглядки
284402,565,Крестный отец 3
347756,560,Джейн берет ружье
1423401,560,Ультиматум Борна
541684,556,Серые волки
462869,556,Ларго Винч: Начало
1535330,554,Остров головорезов
354623,554,Особо опасна
1524374,554,Война Богов: Бессмертные
1517093,553,Ограбление: Код 211
1517044,552,Лондонские поля
1474439,552,Неудержимые 3
2094567,549,Охранник
1497885,548,Геракл: Начало легенды
2224079,543,21 мост UHD HDR
341985,543,Медальон
1125046,543,Максимальный удар
1535276,542,Кин
1473136,539,Бои без правил
346636,539,Раз на раз не приходится
1784130,537,Ускорение
1235660,536,Обитаемый остров: Схватка
1125934,535,Звёздные войны: Последние джедаи
1463876,534,Дикая штучка
344410,530,База «Клейтон»
462381,530,Колония
330815,528,Человек-паук: Злодеи атакуют
2531472,527,Ниндзя из Беверли Хиллз
2031173,524,Шпион по соседству
2057030,521,Спасти рядового Райана
331058,519,Судная ночь 3
300591,516,Мир Юрского периода
1826888,513,Робот 2.0
1517212,511,Обет молчания
1881701,509,"Город грехов 2: Женщина, ради которой стоит убивать"
2103837,500,"Гангстер, коп и дьявол UHD HDR"
491751,499,Робин Гуд
352124,497,Атака титанов. Фильм первый: Жестокий мир
768651,495,Спасатели Малибу (расширенная версия)
792880,490,Армагеддон
1689824,490,Гонщик
2236265,487,Курск UHD HDR
1824365,485,Бриллиантовый полицейский
1497965,484,Большая игра
2551657,484,Поезд в Пусан (Расширенная версия)
2032919,481,Кокаиновый барон
1329729,479,Вызов
1267044,479,Безбашенные
529089,477,Монстр-траки
1281184,474,Хан Соло: Звёздные войны. Истории
580897,472,Человек-паук 2
171106,470,Трансформеры 3: Тёмная сторона Луны
1464425,463,DOOM
2563806,461,Ганц: О — Миссия Осака
1517058,459,Багровая мята
580736,459,Люди в чёрном 3
330514,456,Звёздные войны: Возвращение Джедая
317134,451,Варкрафт
1873340,448,"Красивый, плохой, злой UHD HDR"
1131178,447,Кунг-фу Панда 2
330521,445,Звёздные войны: Империя наносит ответный удар
811712,443,Тёмная башня
580750,443,Вспомнить всё
341705,439,Коломбиана
335783,438,В июне 41-го
1244555,437,Азартные игры
337421,437,Опасный Бангкок
1332060,434,Небоскреб
345789,433,Железный рыцарь
341642,432,Семь психопатов
581348,428,На секретной службе ее Величества
345040,428,Няньки
464702,426,Книга Илая
2236762,426,Дикая Лига
811858,425,Малыш на драйве
333196,424,Тройной форсаж: Токийский дрифт
580463,418,Обитель зла: Последняя глава
1497941,418,Добро пожаловать в рай
2380517,418,Отчаянный
330486,417,Перл Харбор
2162327,417,Капитан семи морей
462687,414,Уцелевший
1276242,414,Скалолаз
1497869,414,Последний рубеж
497130,413,Союзники
1261071,412,Иностранец
344767,410,Загнанный
1501867,409,Агент Джонни Инглиш 3.0
1497637,408,Война
580729,407,Новый Человек-паук
581327,405,"Шпион, который меня любил"
1873329,402,"Красивый, плохой, злой"
330451,400,Железный Человек
1836600,400,Коломбиана
2100381,399,Стриптизёрши UHD HDR
800405,399,Мумия
2057162,399,Стрелок
1833608,396,Потрошители
1258967,395,Эверли
1069822,394,Казино
2549171,393,Смертельная гонка 4: Вне анархии
330738,392,Джон Картер
1483012,390,Параграф 78: Фильм первый
1501990,388,Рэкетир
1817050,386,Братство
337085,385,Криминальная фишка от Генри
1889154,384,Меченосец
1539187,384,Мачете убивает
1797963,383,Случайный шпион
2380605,381,Однажды в Мексике: Отчаянный 2
571353,381,Обитель зла: Возмездие
326410,381,Полтора шпиона
1876328,380,Капкан
333189,380,Двойной Форсаж
795588,380,Из Парижа с любовью
1308916,380,Эскобар
317282,380,Обливион
330381,380,Изгой-Один. Звёздные Войны: Истории
2548163,377,Кибер
541180,376,Алмазы шаха
2082200,369,Невиновен
171026,368,Трансформеры 2: Месть падших
346202,367,Берегись автомобиля
2549387,365,Дрожь земли 5: Кровное родство
461027,364,"Джентльмены, удачи!"
1807651,364,Снегоуборщик UHD
1423520,362,План побега 2
1516953,360,Ограбление века
346342,359,"Частный детектив, или Операция «Кооперация»"
1497701,356,Сестры
2214122,355,Побег из Энсенады
1501998,354,Рэкетир 2
1921744,353,План побега 3
1811660,352,Зелёный Шершень
346524,352,Случай в квадрате 36-80
1482948,350,Детсадовский полицейский
2165178,350,День
1535366,349,Игра Эндера
171514,349,Трансформеры 4: Эпоха истребления
2118326,348,Дельфин Берни 2
2152549,347,Закатать в асфальт UHD
327455,346,Люси
330724,344,Принц Персии: Пески Времени
1805363,343,Снегоуборщик UHD HDR
1133818,343,"Ван Гог. С любовью, Винсент"
571290,343,Два ствола
2043943,342,Налёт грейхаундов
341614,342,Коллекционер 2
1689878,342,Экспат
343938,339,Железный рыцарь 2
2236232,339,Зеркальные войны: Отражение первое
571143,338,Инферно
1659605,337,Охранник
1079544,336,13-й Район: Ультиматум
2067330,336,Легенды: Гробница дракона
2084843,334,Олдбой
348386,333,Анискин и Фантомас
1525740,332,Хантер Киллер
2538511,329,Большое дело
2236012,326,Домино UHD
1482995,326,Параграф 78: Фильм второй
330213,325,Звёздные войны: Месть Ситхов
2551711,325,Город Юрского периода
2388956,324,Опасная миссия UHD HDR
283033,324,Спасти рядового Райана
330220,323,Звёздные войны: Скрытая угроза
2561377,323,Драка в блоке 99
541537,322,"На Дерибасовской хорошая погода, или На Брайтон Бич опять идут дожди"
1797941,321,Другой мир: Пробуждение
330528,318,Тор
1244725,316,Мой любимый динозавр
2070913,315,Голливудские копы
1836097,313,Вымогательство UHD
2393423,312,21 мост UHD
1329358,311,Другие 48 часов
283147,311,Хранители
2098094,310,Вечер с Беверли Лафф Линн
2164135,310,Охотник на зомби
331383,309,Бесславные ублюдки
283123,307,Терминатор: Генезис
562785,306,Дом напротив
563238,306,Контрабанда
2123650,305,Карательница
1833498,303,На гребне волны
494889,302,Небо в алмазах
347399,301,Версия полковника Зорина
346055,297,11:14
571199,297,Другой мир: Войны крови
571311,296,Элизиум: Рай не на Земле
346741,295,Одиночное плавание
2116159,294,Кровью и потом: Анаболики UHD HDR
570937,294,Пиксели
580841,294,Терминатор: Да придёт спаситель
356107,294,Викинг
2064997,293,Безумный куш UHD HDR
2407841,289,Крипто
327530,289,Стартрек: Бесконечность
2560185,288,Гангстеры
352600,286,Настройщик
1314683,282,Конченая
346153,282,Белое солнце пустыни
580855,281,Хэнкок
330164,280,И грянул шторм
547484,280,Акваланги на дне
1133810,279,Монстры против пришельцев
1797919,279,Другой мир: Восстание ликанов
2100458,278,Под подозрением UHD
1497901,277,Неправильные копы
1736484,276,Разборка в Бронксе
1808458,276,Любимый учитель
460495,275,Должник
1244569,273,Воин
346363,273,Холодное лето пятьдесят третьего
332669,272,Судная ночь 2
1462222,271,Кодекс Готти
2571263,271,Дверной замок
330318,269,Need For Speed: Жажда скорости
2549279,268,Трудная мишень 2
815644,267,Мулан 2
2044428,267,Валериан и город тысячи планет
541446,266,Исповедь содержанки
345810,266,Самый пьяный округ в мире
351249,265,Ночной патруль
343007,265,Железное небо
2235734,264,Цензор UHD HDR
1484292,262,Ограбление: Код 211
2143429,262,Возмездие
2235935,262,Время ведьм UHD
1699225,259,Точка возврата
2556778,259,Шутки в сторону
330556,259,Атлантида: Затерянный мир
787573,258,Киллер поневоле
2100370,258,Падение ангела UHD HDR
2388936,257,"Поймай меня, если сможешь"
487900,257,Парк Юрского периода 3
350577,256,Виктор
251110,256,Война миров
2405701,255,Воскресенье UHD HDR
792915,255,Хроники Нарнии: Принц Каспиан
346517,254,Смелые люди
2068694,254,Пятый элемент
343812,254,Восьмерка
1535339,253,Шанхайский перевозчик
497501,253,Кинг Конг
339353,252,Сицилианская защита
1799637,251,Робот 2.0
571584,251,Люди в чёрном
338177,251,Дело Румянцева
1802579,249,"Дом, который построил Джек"
2132049,249,Время смерти
171017,248,Трансформеры
284525,247,Стартрек: Возмездие
2137908,246,Время ведьм UHD HDR
345551,244,Игра Эндера
1280561,243,Опасное задание
571332,243,Мачо и ботан
1267016,243,Французский транзит
2043866,243,Не попадись
344487,242,Бэйтаун вне закона
2540936,242,Лицо со шрамом
1244618,240,Отряд особого назначения
2053920,240,Царство
1463892,239,Страховщик
283132,239,Звездный путь
1778691,238,Гудзонский ястреб
2148145,238,Коломбиана UHD HDR
1261085,238,Дикий
337449,237,Поезд на Юму
1334118,235,8 миля
336735,233,Пираты ХХ века
345866,230,Агент под прикрытием
795630,230,Пипец
347560,228,Асса
2164113,227,На цепи
1497669,227,Олигарх
571276,227,Ярость
462582,223,Пластик
2041145,222,Я объявляю вам войну
1689851,219,Поле битвы: Земля
1704661,219,Звонок мертвецу
1482932,219,Уцелевшая
2068397,218,Беглецы
346412,218,Тревожное воскресенье
347588,218,Александр Невский
346762,217,Неуловимые мстители
1482706,217,Расправа
2214177,217,Пять тысяч
1873351,216,"Красивый, плохой, злой UHD"
792971,216,Дежавю
576601,216,Джентльмен грабитель
2229313,214,Железная сотня
2405411,213,Всегда верен
1156034,213,Новый мир
344344,213,Монтана
335223,212,Пирамммида
327736,210,47 ронинов
2540747,210,Совместная поездка
2405751,209,Курск UHD
1500081,209,"Девушка, которая застряла в паутине"
1322447,209,Операция «Шаровая молния» UHD
1517304,209,Фобия
356191,208,Игры на выживание
337064,208,Шпион по соседству
580757,208,Другой мир: Пробуждение
2056997,208,Миссия: невыполнима 3
2402675,207,Даже не думай!
541285,206,Воры в законе
171699,204,На крючке
302563,203,13 часов: Тайные солдаты Бенгази
2393324,202,Помпеи UHD
343210,202,Охотники за головами
793125,201,Одинокий Рейнджер
2068595,201,Невезучие
2235913,201,Игра Ганнибала UHD
2561674,201,Меркурий в опасности
345873,200,Соломон Кейн
345075,200,Охотники за разумом
2098984,200,Книга Илая UHD HDR
351998,200,Три девятки
572465,200,Одиночка
2156927,199,Кровью и потом: Анаболики UHD
345173,199,По прозвищу «Чистильщик»
2536193,198,Клуб анонимных киллеров UHD HDR
1788651,198,Коррупционер
340683,198,Рэмбо IV
557147,197,Законопослушный гражданин
1300133,197,Коллекторы
1780441,196,Короткие волны
2561719,195,Дикая река
2214100,194,Списанный в резерв
812727,194,Секретный агент
2545310,193,Спящие
2536215,193,Балканский рубеж UHD HDR
2103683,193,Стриптизёрши UHD
1666106,192,Хантер Киллер UHD
338114,191,Два билета на дневной сеанс
344204,191,Воздушный маршал
1784053,188,Неудержимый
348610,187,Скорость: Автобус 657
2057008,186,Миссия: невыполнима 2
2549434,186,Обратная связь
341698,185,"Кожа, в которой я живу"
2405801,184,Эшер UHD
1517339,184,Выжившая
2111251,184,Дельфин Берни UHD HDR
342279,182,Оборотень
1276298,181,Фар Край
2093587,181,24 часа на жизнь UHD HDR
2389398,180,Коломбиана UHD
337631,180,Убийства в Оксфорде
2566543,179,Окончательный приговор
2408417,179,Гена-Бетон
1794230,179,Спартанец
580806,177,Копы в глубоком запасе
1307276,177,Свинья
1681311,176,Бронсон
1783998,176,Старски и Хатч
339416,176,Пацаны
1821590,175,Безбашенная пуля
2384534,175,Дельфин Берни UHD
346755,174,Новые приключения неуловимых
462701,174,Сутенер
541320,172,День любви
1681464,172,"Я, Франкенштейн"
2214276,172,Ходячий призрак
1515950,171,Ловушка времени
571416,171,Район №9
347105,170,Загадка Эндхауза
1280750,169,Вторжение
349856,169,Шестой
1122261,169,Избежать расплаты
1267009,169,Уцелевший
283168,169,Солдаты неудачи
462045,168,Доспехи Бога 3: Миссия Зодиак
576690,168,Похищение Фредди Хайнекена
463786,168,Механик
1824518,167,Во имя спасения
2214111,166,Шах и мат
1497853,165,13-й район: Кирпичные особняки
1155999,164,Безымянный гангстер
548506,163,Инспектор уголовного розыска
330206,163,Звёздные войны: Атака клонов
2056942,163,Джек Ричер
340858,162,Пленный
171636,162,Миссия невыполнима 2
330682,162,Звёздные войны: Войны клонов
346181,161,"Свой среди чужих, чужой среди своих"
349142,161,Непобедимый
317291,159,Невероятный Халк
312130,159,Белоснежка и Охотник 2
475772,159,Джек Ричер 2: Никогда не возвращайся
347343,159,Возвращение «Святого Луки»
1264359,159,Ограбление в ураган
336392,159,Из жизни начальника уголовного розыска
2540801,159,Миссия в Майами
1470600,159,Операция «Шаровая молния» UHD HDR
337092,158,Альфа Дог
2402939,158,Военное государство
1852123,157,Цензор
2098995,156,Однажды в Стокгольме UHD HDR
1677311,154,Доспехи бога: В поисках сокровищ
1539728,153,Мотылек UHD HDR
2236089,153,Опасная миссия UHD
344232,152,Страховщик
344998,151,На гребне волны
171730,150,Джек Ричер
2100392,150,Рэмбо: Последняя кровь UHD HDR
335412,149,Профессор в законе
2214133,149,Аркадия
460537,148,Похищенная
2548379,148,Смоки и Бандит 2
478173,148,Ван Хельсинг
571262,148,Мачо и ботан 2
2204076,148,Под прицелом
2100414,147,Рэмбо: Последняя кровь UHD
340900,147,Транзит
571374,147,Охотник за головами
2387418,146,Французский транзит UHD HDR
336896,146,"Хлеб, золото, наган"
462346,146,Запрещённая реальность
793118,146,Король Артур
2010513,146,Искусство обмана
816197,145,Призрачный патруль
346965,145,Катала
2064579,144,Похищение Фредди Хайнекена UHD HDR
341733,143,На грани
2070146,143,Черный орел
330500,143,Угнать за 60 секунд
1244732,143,Четверо против банка
341691,143,Война Богов: Бессмертные
1728077,142,Ограбление по Фрейду
571213,142,Братья из Гримсби
1274726,142,Другой мир
465790,142,Индиана Джонс: В поисках утраченного ковчега
341978,141,Средь бела дня
2389046,141,Эверли UHD HDR
345516,140,Вавилон Н.Э.
283141,140,Особое мнение
1677531,140,Кикбоксер возвращается
317306,140,Особо опасен
2548064,140,Детоксикация
571129,139,5-я волна
2126552,139,"Длинное, длинное дело"
2384523,139,Зачинщики UHD
341628,138,Место под соснами
1329372,138,Лучший стрелок
2118315,138,Первая любовь
356254,137,Око разума
1824321,136,Последний киногерой
330717,135,13-й воин
1787647,135,22 мили UHD
491750,133,Парк Юрского периода 2: Затерянный мир
570930,132,Кингсглейв: Последняя фантазия XV
571297,131,После нашей эры
1469944,131,Акт мести UHD HDR
339808,130,Идеальный побег
346671,130,По прозвищу «Зверь»
335027,129,Тень
1833476,129,Рыжая Соня
342909,128,Врата дракона
478171,128,Хроники Риддика
347238,127,Дело «пёстрых»
343609,127,Эверли
171652,127,Миссия невыполнима: Протокол Фантом
2056986,127,Особое мнение
2156971,127,Три девятки UHD
345593,126,«Весёлые» каникулы
555016,126,Три икса: Мировое господство
2405821,126,Цензор UHD
2393346,126,Рэмбо IV UHD
2548343,126,Сердце дракона
2152560,126,Книга Илая UHD
2064986,125,Под подозрением UHD HDR
2549225,125,Наследие: Застывшая кровь
354525,125,Хардкор
284292,125,Повелитель стихий
1814495,125,Финес и Ферб: Покорение второго измерения
346475,125,Соучастие в убийстве
1650599,124,Город бога
1720308,124,Расправа UHD HDR
1788549,124,План побега 2 UHD
2040705,124,Перед рассветом
2131961,124,Под водой
1787658,123,22 мили UHD HDR
344218,123,Человек ноября
2098040,123,Закатать в асфальт UHD HDR
1223285,123,Универсальный солдат 3: Возрождение
2070058,122,Пленники солнца
1235990,121,24 часа на жизнь
541614,120,Призрак
1814462,120,Живая сталь
1308778,119,Несчастный случай
1464959,119,Шпионские игры
327999,119,Индиана Джонс и Королевство хрустального черепа
2093411,119,Последние рыцари UHD HDR
2540774,119,Хроники Риддика
803829,118,Районы
337568,118,СуперМакГрубер
2032470,118,Эшер
462353,117,Предательство
2538250,116,Балканский рубеж UHD
342307,116,Патруль времени
580771,116,Инопланетное вторжение: Битва за Лос-Анджелес
2088200,115,Старые счёты
2564001,115,Предатель
1223152,114,Лучшие из лучших
2057250,114,В последний момент
2548136,113,Морпехи 3: В осаде
354651,113,Спасение
1808403,112,Голод
2036540,112,Под подозрением
2152637,111,24 часа на жизнь UHD
499332,111,Училка
2402059,111,"Кровь, золото и песок"
346419,111,Трактир на Пятницкой
336742,110,По данным уголовного розыска...
353447,110,Наблюдатель
550242,110,Черная рада
344704,110,Дикая штучка
793315,110,Чёрный котёл
1280221,110,Акт мести
2235979,110,Безбашенная пуля UHD
1813716,109,Буря в Арктике
1276513,109,Уцелевшая
2565184,108,Выход
2214089,108,Трудное следствие
2116082,108,Братья Систерс UHD HDR
347889,108,Гость
330395,108,Сокровище Нации 2: Книга тайн
567158,107,Человек-паук
347595,107,Акция
2389376,107,Альфа Дог UHD
2540756,106,Люси
337519,106,Путь воина
1497557,106,Кремень
461000,106,Джейсон Борн
1158499,106,Игры киллеров
2127333,105,Последний легион UHD HDR
571346,105,Толстяк на ринге
338527,105,Круг
1788034,103,ДжиФайтерс. Город супергероев
2044603,102,Безбашенная пуля
1223159,102,Лучшие из лучших 2
2547965,102,Успеть до полуночи
2110996,102,Помпеи UHD HDR
2040606,102,Найти и обезвредить
2402708,101,Личный номер
2040628,101,Один и без оружия
1788664,101,Голодный кролик атакует
2098018,101,Безбашенная пуля UHD HDR
348659,101,Джульбарс
352439,101,Атака титанов. Фильм второй: Конец света
1764277,101,Невидимый гость UHD
343616,100,Французский транзит
1126493,100,Механик
347042,100,Змеелов
331061,100,Индиана Джонс и последний крестовый поход
339633,99,Пропавшие среди живых
349163,99,Ночное происшествие
2116181,99,Три девятки UHD HDR
2068276,99,План побега 3 UHD HDR
2548055,99,Море любви
2152593,99,Малавита UHD
548002,98,Голубая стрела
2393335,98,Поезд на Юму UHD
2548154,98,Смертельные гонки 2050
1061815,98,Ценный груз
356247,97,Легенды Нетайи
342055,97,Ловушка
278610,97,Военные игры
2043767,96,Кровь викингов
2103810,96,Финальный счет
793188,96,Скала
1677329,96,Афера по-английски
331376,95,Белоснежка и охотник
540908,95,"Дрянь хорошая, дрянь плохая"
2561701,95,Фобия UHD HDR
2070168,94,Ягуар
336056,94,Внимание! Всем постам...
2068386,94,Бандиты
1275731,94,Под прицелом
2559901,94,Маленькая мисс Дулиттл UHD HDR
284521,94,Миссия невыполнима: Племя изгоев
2548280,93,Придорожное заведение
1157121,93,Брюс Ли: Рождение Дракона
2070189,93,Дельфин Берни
2054137,93,Полицейский из Беверли-Хиллз
337477,93,Последний легион
353853,93,Запретная Зона
2070124,92,Укол зонтиком
302463,92,Миссия в Майами
2137842,92,Поезд на Юму UHD HDR
2132038,92,Бой до победы
547645,92,Будни уголовного розыска
331621,92,Превосходство Борна
541243,91,Башмачник
568529,91,Успеть до полуночи
2099292,91,План побега 3 UHD
540018,91,Великий мастер
2190370,91,Герои. Закаленные северной широтой
2010187,90,Ким Пять-с-плюсом
1497781,90,Экспат
327537,90,Училка
1738658,90,Хантер Киллер UHD HDR
2142909,90,Дикое поле
571514,90,Люди в чёрном 2
171721,90,Бросок кобры
1268164,90,Республика Z
352859,89,Решала 2
353475,89,Отвязные каникулы
2235855,89,Красный змей
345691,89,Добро пожаловать в капкан
1132528,88,Скайлайн 2
792929,88,Воздушная тюрьма
580631,88,Снайпер: Воин призрак
335188,88,Телохранитель
1277428,88,Десант
171712,88,G.I. Joe: Бросок кобры 2
580813,87,Солт
312174,87,Морской бой
2137211,87,Номад: Начало
330479,87,Сокровище Нации
341782,87,Повторяющие реальность
2111262,87,Рэмбо IV UHD HDR
2532341,86,Рейв (с русскими субтитрами)
548219,86,Дрянь
341999,86,Объявлены в розыск
2540819,86,Сделано в Америке
2116071,85,Братья Систерс UHD
331065,84,Индиана Джонс и Храм судьбы
571409,84,Турист
576683,84,В следующий раз я буду стрелять в сердце
2389543,84,Снайпер: Идеальное убийство
2389365,84,Ходячий призрак UHD
345005,84,Наемный убийца
347469,84,Беспредел
2532209,84,Ограбление по-итальянски
2156982,83,Последний легион UHD
2040947,83,Сувенир для прокурора
353342,83,Дубина
2046208,83,Коррупционер
1283120,83,Нокаут
1506057,82,Захочу и соскочу. Супергерои
2151985,82,Всегда верен
545149,82,Линия смерти
1277442,82,Киллер
571549,82,Чёрный ястреб
1469544,82,Киллер поневоле UHD HDR
2061312,82,Зов волка UHD
2100503,81,Предатель
341866,81,Конан-варвар
349072,80,Наградить (посмертно)
2152604,80,Падение Олимпа UHD
2065008,79,Искусство обмана UHD HDR
1095090,79,2:22
1865777,79,Дикая Лига
2131983,79,Расходный материал
792999,79,Без лица
344613,79,Горец 3: Последнее измерение
1274119,78,Другой мир 2: Эволюция
349051,78,Мытарь
2540999,78,Парк Юрского периода 2: Затерянный мир
548065,78,Груз без маркировки
2152648,78,Опасный Бангкок UHD
2103902,77,Крипто
2099028,77,Альфа Дог UHD HDR
2393942,77,Несчастный случай
1813985,77,Мышеловка
571304,77,Капитан Филлипс
2403478,77,Печенье и конфеты – последняя глава
1825580,75,Боже мой!
2053950,75,48 часов
335930,75,Бармен из «Золотого якоря»
1689706,75,Вымогательство
1276263,74,Идеальный побег
2164267,74,Убей или умри
2238254,74,Только бог простит
1322433,74,Ограбление в ураган UHD
820586,73,Чёрная Молния
1223103,73,Бронкская история
1277225,73,Сказ о розовом зайце
331626,73,Ультиматум Борна
1809877,73,Вымогательство UHD HDR
2040551,73,Мафия бессмертна
1798917,72,Охота на воров UHD HDR
2393898,72,Под маской
2040529,72,Лекарство против страха
541705,72,Стамбульский транзит
326027,72,Пленный
1514841,71,Бои без правил UHD
2043811,71,Коллайдер
1083072,71,Мой любимый динозавр
2389609,71,И сошёл монах с гор
2068617,71,Папаши
555023,71,Мумия возвращается
1468797,71,Опасное задание
1157310,71,Шанхайский перевозчик
1774766,70,Бизнесмены
1423369,70,Превосходство Борна
284497,70,Звездный путь 10: Возмездие
2038508,70,Зачинщики
2068859,69,План побега 2 UHD HDR
541278,69,Взбесившийся автобус
2164190,69,Раскрашенная кожа 2
2560203,69,Красивые существа
580407,69,Прикончи их всех
580918,68,Охотники за привидениями 2
2156403,68,Орган геноцида
330535,68,Трон: Наследие
1540978,67,Ловушка времени
548779,67,Тачанка с юга
2057206,67,Итальянская работа (Ограбление по-итальянски)
1269840,67,Я заберу твои деньги
1307374,67,Взрослые игры UHD
1738702,66,Ловушка времени UHD HDR
345432,66,Элитное общество
1155453,65,"Хороший, плохой, долбанутый"
1814308,65,Ученик чародея
344085,65,Код доступа «София»
345565,65,Гамбит
1697274,65,Ловушка времени UHD
2564037,64,Огненная Кэссиди
545135,64,"Контрабандист, или В поисках золотого фаллоса"
349982,64,Гангстеры в океане
2545211,63,Пожизненно
1684334,63,Нюхач
2205214,63,Деньги: Американская мечта
348414,63,Без особого риска
1681482,63,"Город грехов 2: Женщина, ради которой стоит убивать"
2068551,63,Добро пожаловать в джунгли
547568,63,Берем всё на себя
349569,63,Соучастники
2070157,62,Шанхайские рыцари
580890,62,Всё или ничего
1847679,62,Домино
548044,62,Грачи
1814121,61,Миссия Дарвина
462498,61,Камера 211
1855721,61,Сын ворона
2164157,61,Подземелье мертвых
1497829,61,Я тоже хочу
541796,61,Черная вуаль
2100647,60,Игра Ганнибала UHD HDR
2569266,60,Убийство Николь Браун Симпсон UHD HDR
541173,60,Алиса и букинист
541789,60,Футболист
1469616,60,Джунгли UHD HDR
1636989,59,Догмэн
580925,59,Охотники за привидениями
811656,59,Время псов
1307283,59,Джунгли UHD
816414,59,Королевство
2563983,58,Адормидера
2548118,58,Тайный брат
342335,58,Тревожный вызов
1156055,58,Нарковойна
1069836,57,Кольт 45
343294,57,Зажигание
2110963,57,Опасная миссия
344578,57,Во имя короля: История осады подземелья
567151,57,Человек-паук 2
2540783,57,Нападение на 13-й участок
339696,57,Презумпция невиновности
284479,57,Звездный путь 2: Гнев Хана
464758,56,Решала
1683171,56,Мачете убивает
346692,56,Охота на лис
2103650,56,Залечь на дно в Брюгге UHD HDR
284486,55,Звездный путь 4: Дорога домой
2548037,55,Империя
2205203,55,Двойная игра
2105812,55,Огги и тараканы
338128,55,Два долгих гудка в тумане
1814517,54,Идальго
1808031,54,Тренинг личностного роста
2054148,54,Полицейский из Беверли-Хиллз 2
347126,54,Жестокость
541194,54,Америкэн бой
803793,54,Ловкость
1838396,53,Безумный куш
353769,53,Большой всплеск
462624,53,Бессонная ночь
343896,53,Кровавая месть
1636230,53,Расправа UHD
2548217,53,Надзиратель
1469608,53,Скайлайн 2 UHD HDR
171182,53,Ковбои против пришельцев
2043877,53,Не верь никому
793258,53,Реальные кабаны
2548253,52,Дикие сердцем
1483770,52,Чёрный клановец
1858006,52,На линии огня
1244760,52,Убить Гюнтера
2123689,52,База «Клейтон» UHD HDR
1610400,51,Мотылёк
1422759,51,Секретный агент UHD
2561692,51,Фобия UHD
1804212,51,Ограбление века UHD
1265642,51,Дружба особого назначения
1125733,51,Горячая точка
576629,51,Клан
464898,50,Приключения Шерлока Холмса и доктора Ватсона
171616,50,Миссия невыполнима
1786391,50,Тренинг личностного роста
331618,50,Идентификация Борна
792824,50,"Шесть дней, семь ночей"
1666684,50,Добро пожаловать в Акапулько
1309028,50,Максимальный удар UHD
580346,50,Обитель зла: Вендетта
339773,50,Запретное царство
1539123,49,Захочу и соскочу. Супергерои
2164223,49,Смертельное падение
545205,49,Черные береты
2057118,49,Костолом
2097774,49,Искусство обмана UHD
793216,48,Звёздный десант
1547659,48,Женский бойцовский клуб
2096456,48,Лошади в океане
815637,48,Суперпес
541313,47,Джокер
462073,47,Онг Бак 3
2131950,47,Морские котики против Демонов
2068573,47,Игра в четыре руки
2057019,46,Миссия: невыполнима
1514848,46,Кодекс Готти UHD
2148278,46,Арена
2547146,46,Психо 2
2214188,46,Ре-эволюция
2054093,46,Костолом
349107,46,Не ставьте Лешему капканы...
2549243,46,Испытание огнем
1307444,46,Как Витька Чеснок вез Леху Штыря в дом инвалидов UHD
2068705,45,Рекрут
2205071,45,Очень плохие парни
1155894,45,Полный беспредел
1813727,45,Няня с сюрпризом
2384545,45,Однажды в Стокгольме UHD
2097807,44,Безумный куш UHD
1616754,44,Добрый вечер
489422,44,Дископат
1814275,44,В лабиринте Гризли
502555,44,Эластико
2571196,44,Крипто UHD HDR
1767207,44,Песнь древа
1307115,43,Бешеные гонки
2131994,43,Грязь Лос-Анджелеса
2103628,43,Падение Олимпа UHD HDR
556479,43,Джек Стоун
550375,43,Где 0-42?
582437,42,Никогда не сдавайся 2
2155281,42,Halo: Падение предела
1125712,42,Крутой
327474,42,Золотой век
1223257,42,Смертный приговор
529096,42,Эон Флакс
2097963,42,Убийца
1469576,42,Эксперимент «Офис» UHD HDR
2401157,41,Эверли UHD
541229,41,Барханов и его телохранитель
2142777,41,Грязная ложь
2162566,41,Захват
1285186,41,Дикий UHD
336777,40,Право на выстрел
2547911,40,Медвежатники
283175,40,Звездный путь 7: Поколения
1681077,40,Ж.К.В.Д.
2563938,40,Исполнитель
2569221,40,Мститель UHD HDR
2164201,39,Ринг
327456,39,Красная Шапка против зла
2162434,39,В следующий раз я буду стрелять в сердце UHD
2040122,39,Большое золото мистера Гринвуда
1268251,39,Ангел на обочине
1042557,38,Натуральные упыри
562862,38,Мумия: Гробница Императора Драконов
2097985,38,Домино UHD HDR
1155747,38,Горячие новости
340550,38,Амфибия
2547992,38,Камера
1891904,38,"Гангстер, коп и дьявол"
541327,37,День денег
2054071,37,Голый пистолет
347091,37,Звезда
2143584,37,Робокоп возвращается
251153,37,Лара Крофт: Расхитительница гробниц
816100,37,Звёздный десант: Предатель Марса
1422727,36,Эксперимент «Офис» UHD
347581,36,Алмазы для Марии
1422735,36,Киллер поневоле UHD
1242717,36,Тёмная долина
2072334,36,Обет молчания UHD HDR
171643,36,Миссия невыполнима 3
2205534,36,Голый пистолет 33 1/3: Последний выпад
2068837,35,Эшер UHD HDR
2389420,35,База «Клейтон» UHD
337561,35,Уличный боец
1497533,35,Шультес
342174,35,Виолет и Дейзи
2549198,35,Мертвец из Тумстоуна 2
2548298,35,Конкорд: Аэропорт-79
359033,35,Приключения Шерлока Холмса и доктора Ватсона: Двадцатый век начинается
1538868,35,Мотылек UHD
2160102,35,Грязь UHD
336595,35,Медный ангел
1155859,35,Шальные деньги: Стокгольмский нуар
545979,35,Аллегро с огнем
1858266,34,Царство
816199,34,Код доступа «Кейптаун»
1890526,34,Опасный человек
576664,34,Холод в июле
336042,34,Взорванный ад
2099259,34,РЭД UHD
546490,33,Контрабанда
284495,33,Звездный путь 8: Первый контакт
342916,33,Герой
284509,32,Звездный путь 9: Восстание
1130205,32,Страсть и верность
2010546,32,Воскресенье
462897,32,Приключения Шерлока Холмса и доктора Ватсона: Собака Баскервилей
2143382,32,Последние рыцари UHD
1794208,32,Тристан и Изольда
333620,32,Большой солдат
261762,32,Банши
793132,32,Могучий Джо Янг
1517261,32,Цепной пёс
2040111,32,Болевой прием
2402686,31,Даже не думай 2: Тень независимости
2054126,31,Писатели свободы
2540828,31,Джейсон Борн
2545256,31,Дракон: История Брюса Ли
2109095,31,Одноклассники смерти
1241449,31,Грабители
816360,31,Козырные тузы
1134937,31,Похитители воды
2103694,31,Падение ангела UHD
338170,31,Дела давно минувших дней
2061323,31,Зов волка UHD HDR
1780837,31,Безумный куш
1469632,31,Дикий UHD HDR
2152582,30,3 дня на убийство UHD
1524667,30,Эскобар UHD
550144,30,Убийство в зимней Ялте
2547893,30,Конфискатор
2162412,30,Клятва UHD
546511,30,Красные дипкурьеры
349338,30,Приказано взять живым
2093609,30,3 дня на убийство UHD HDR
349709,30,Упырь
818334,30,Личное дело майора Баранова
1798321,30,Песнь древа
2070069,30,Саботаж
284504,30,Звездный путь 6: Неоткрытая страна
1536101,29,Выжившая UHD
1681221,29,Предатель
335132,29,13-й район: Ультиматум
2531256,29,Ходячий призрак 8K HDR
548261,29,Если враг не сдается...
348855,29,Случай в тайге
1155992,29,Беспредел
1515632,29,Эскобар UHD HDR
347511,29,Без срока давности
546742,28,Опасные гастроли
1469231,28,Захочу и соскочу. Мастер-класс
341089,28,Адский бункер: Черное Солнце
284488,28,Звездный путь 5: Последний рубеж
2082397,28,Клан UHD
462150,28,Падение последней империи
1157365,28,Последний шанс
339171,28,Таможня
337806,28,Без видимых причин
339213,28,Овод
2563992,28,Восход
278592,28,Хватай и беги
2205523,28,Бегущий человек
2545373,27,Нарушение территории
2547110,27,Флетч
563081,27,Табу
548744,27,Тревожный месяц вересень
1610472,27,Выжившая UHD HDR
1650626,27,Джо
1551069,27,Конкурсант. Смертоносное шоу
1158506,26,Липучка
2040793,26,Последний угон
1832078,26,Нюхач
793293,26,Ракетчик
1223208,26,Разумное сомнение
347203,26,Дорога
1469752,26,Взрослые игры UHD HDR
2132005,26,Американское правосудие
356198,26,Искупление грехов
339682,26,Преферанс по пятницам
1242416,25,В белом плену
1650578,25,Магазинные воришки
2068430,25,Взрыв
2082408,25,Захочу и соскочу UHD
2545274,25,Шакал
2054159,25,Полицейский из Беверли-Хиллз 3
1859922,25,Песнь древа UHD HDR
341425,25,Беги
1156118,25,Фото на недобрую память
580610,25,Никогда не сдавайся 3
1650833,24,Ограбление: Код 211 UHD
2548199,24,Остров
1837108,24,Точка возврата UHD
1837097,24,Мотылёк UHD
792964,24,Подъем с глубины
2173628,24,Смерш
2104052,24,Зиг и Шарко
333571,24,Разыскивается герой
317150,24,Как украсть небоскреб
547085,23,Случай из следственной практики
356289,23,"Карты, Деньги И Слова"
2043888,23,Нейтральная зона
784220,23,Короли рулетки
1808392,23,Бостонский Душитель
462122,23,Очень опасная штучка
343301,23,Власть убеждений
347427,22,В последнюю очередь
1125768,22,Караван смерти
2068529,22,Джек – убийца великанов
2159138,22,Жить или умереть в Ла-Хонда
347455,22,Бешеное золото
2152571,22,Залечь на дно в Брюгге UHD
1285116,22,Тревожный вызов UHD
1803091,22,Шопо-коп
336511,21,Координаты смерти
793055,21,Спасатель
2563069,21,Только Бог простит
331633,21,Эволюция Борна
342951,21,Ученик мастера
1813848,21,Точка возврата UHD HDR
541306,21,Выкуп
1156666,21,Сделано во Франции
548282,20,Ждите связного
345278,20,Солдат Джейн
549038,20,Миллионы Ферфакса
547687,20,В мирные дни
335160,20,Бандиты в масках
2097864,20,Детектив на миллион
2236560,20,Агент Вексилл
2162577,20,Интервью с убийцей
1155439,19,Гоморра
353531,19,Хватай и беги
549885,19,Случайный адрес
340459,19,Враг государства №1: Легенда
2097829,19,Джентльмен грабитель UHD
541334,19,Гладиатор по найму
336903,19,Постарайся остаться живым...
546889,19,Поезд вне расписания
299635,19,Битва за планету Терра
2132027,19,В Плэйнвью
1275988,18,На пределе
2563947,18,Бун: Охотник за головами
1262291,18,"Ужасный смерч, огненный шар, жидкий металл"
2116126,18,Опасный Бангкок UHD HDR
343903,18,Пуля
2039957,18,В полосе прибоя
1469247,18,Мотылёк (Россия)
1829868,18,Воскресенье
546035,18,Бес в ребро
1517198,17,Клятва
2565499,17,Удиви меня
1156596,17,Мерцающие огни
1679361,17,Ангел
349268,17,Поединок в тайге
1683126,17,Мачете
2535621,17,Игра Эндера 8K HDR
2068584,17,Между ангелом и бесом
1805374,16,Охота на воров UHD
1155411,16,Божественное оружие
392948,16,Континуум
547274,16,Человек в зеленом кимоно
2405711,16,Французский транзит UHD
1873439,16,В следующий раз я буду стрелять в сердце UHD HDR
1647662,16,Воин
1126499,16,Глухомань
1334111,15,Полиция Майами: Отдел нравов
359005,15,Приключения Шерлока Холмса и доктора Ватсона: Сокровища Агры
350332,15,Кольца Альманзора
2241080,15,Идеальный враг (Чёрное и белое)
570951,15,Приключения Тинтина: Тайна Единорога
251144,15,Лара Крофт: Расхитительница гробниц 2 – Колыбель жизни
2159347,15,Отвязные каникулы 8K HDR
580073,15,Холостяк
334020,14,Убийца внутри меня
548926,14,Пароль знали двое
2104048,14,Коррупционер UHD
2123660,14,Линия родства
2072268,14,Обет молчания UHD
541362,14,Двойник
1158485,14,Горец 2: Оживление
337876,14,В старых ритмах
1862823,13,Саташ
351347,13,Дума про казака Голоту
556549,13,Джокер. Возмездие
1312002,12,Бешеный пёс
1464582,12,Уцелевшая
1184028,12,Воскресший Эртугрул
2236549,12,Чудачество любви не помеха! Положись на меня
2125113,12,Мститель
385360,12,Кулинар
1469704,12,Максимальный удар UHD HDR
1262312,12,"Безжалостные воды, прыжки с парашютом, потасовка по-русски"
1855259,12,Дружина
2057217,12,Придурки 2.5
1125705,12,Затерянные в лесах
541460,12,Князь Удача Андреевич
571430,12,Опасные пассажиры поезда 123
2236601,11,Гениальная вечеринка: За гранью
1539725,11,Неделимое
2064469,11,Клан UHD HDR
343259,10,Группа 7
2538272,10,Клуб анонимных киллеров UHD
2048508,10,Подозрительный партнёр
1153375,10,Натуральные упыри
2066714,10,Королева детектива
361273,10,Приступить к ликвидации
2159215,10,Эпплтон
1497565,10,Меченосец
1521698,10,Идеальный побег
1235309,10,Великое ограбление поезда
1846348,10,Сармат
2095048,10,Внутри
792901,10,Черная дыра
1262319,10,"Невероятный взрыв, опасные фейерверки, экстремальный прыжок"
550130,9,Тупик
793209,9,Огонь на поражение
374692,9,Отряд
352516,9,Афера
1802959,9,Толстяк против всех
2068023,9,Холод в июле UHD HDR
1888076,9,Золотая жизнь
2158632,9,Криминальная полиция
2549288,9,Великий Мерлин
1262326,9,"Паника на параплане, шокирующее сафари, неудержимая ракета"
1061801,8,Преступная деятельность
354735,8,Разборка в Маниле
1722514,8,Джетт
2205181,8,P-51: Истребитель драконов
1860348,8,Подсудимый
1882100,8,Под прикрытием
541215,8,Бабочки
2236538,8,Школа под прицелом
382574,8,Цепь
1864643,8,Угон
553266,8,Капитан Немо
1182047,8,Следствие ведут знатоки
793097,8,Гризли
554288,8,Человек в проходном дворе
407032,8,Беги!
1852718,8,Звездочет
546987,8,Размах крыльев
2064480,8,Грязь UHD HDR
351655,8,Роковая ошибка
572065,7,Драконы Нью-Йорка
2224123,7,Бандитский Бегусарай
1183279,7,Хилер
1242682,7,Скандинавский форсаж
359901,7,Экипаж
547218,7,Утреннее шоссе
1842586,7,Китаеза (Поцелуй бабочки)
340732,7,Отряд особого назначения
2064953,7,Песнь древа UHD
264593,7,Ответный удар
2068408,7,Бриллиантовые псы
2126432,7,Счастливое число 5
2545238,7,Братья Блюз
493024,6,Острог. Дело Федора Сеченова
2176939,6,След
557840,6,Джокер
2236527,6,Судьба: Ночь схватки. Клинков бесконечный край
2044042,6,Белая кровь
2536935,6,Ликвидаторы
2044075,6,Отдаленный склон
1125039,6,Арсенал
382987,6,Лиговка
2068034,6,Джентльмен грабитель UHD HDR
349282,6,«Посейдон» спешит на помощь
1860568,6,Последний янычар
1242640,6,Пленница. Побег
541425,6,Золото партии
1738669,6,Ограбление: Код 211 UHD HDR
1821579,6,Зов волка
338604,6,Личной безопасности не гарантирую...
571157,5,Восставший
768910,5,Охранник
2040067,5,Гонка с преследованием
556619,5,Стрелок
1731385,5,Агент 117: Миссия в Рио
535415,5,Банши: Предыстория
1061324,5,Максимальный удар
1134335,5,Голубой карбункул
462526,5,Полет длиною в жизнь
1521409,5,22 пули: Бессмертный
1262368,5,"Жестокое цунами, падающий самолет, катастрофа в Канаде"
359649,5,Ищите женщину
376064,5,Визит к Минотавру
357836,5,Рэкет
1262340,5,"Смертоносное пламя, бесстрашная старушка, внезапная лавина"
1262333,5,"Ледяное столкновение, наводнение, смертельно опасный олень"
2408297,5,Моё второе я
1262347,5,"Ужасное извержение, опасный склон, вниз по течению"
1848823,4,Гром
551838,4,Гонки по вертикали
357269,4,Золотая мина
356758,4,И снова Анискин
1677320,4,Лукас
278893,4,Наблюдатель
344641,4,Глава 27
1660018,4,Сопровождающий
1807241,4,"Я, Франкенштейн"
351375,4,Костер в белой ночи
350647,4,Цифровая радиостанция
2060698,4,Бешеный пес
1331463,4,Последний контракт Халли
347742,4,Курьер
2046197,4,На линии огня
2159292,4,Изменение духа
571402,4,Мальчики-налетчики
1610409,4,Захочу и соскочу. Мастер-класс
571542,4,Три икса
360328,4,"Корона Российской империи, или Снова неуловимые"
2100669,4,Малавита UHD HDR
1849043,4,Дело чести
1739175,4,25-й час
1187185,4,Кулинар 2
1852134,4,Правила охоты
396168,4,Битва за Севастополь
489765,4,Террористка Иванова
384653,4,Стая (4 серии)
1160256,4,Дополнительный прибывает на второй путь
2044020,4,Пограничный картель
2236579,4,Игра разума
361392,4,Сыщик
361595,4,Посредник
1498157,3,Своя чужая жизнь
1849263,3,Заговоренный
1847690,3,Позывной «Стая»
1285228,3,Человек человеку волк UHD
333641,3,Подстава
350759,3,Ветер «Надежды»
2054027,3,Звездный путь 5: Последний рубеж
1845842,3,Оперативный псевдоним
1701912,3,Последний император
2175751,3,Ты не один
339507,3,Рокировка в длинную сторону
1832386,3,Незнакомец
2389532,3,Отбросы
571479,3,Легенда Зорро
1849373,3,Небо и земля
361245,3,Пароль не нужен
1521690,3,Запретное царство
872631,3,Королева Джханси
343434,3,Жить
358557,3,Конец операции «Резидент»
357913,3,Сержант милиции
357297,3,Колье Шарлотты
2544023,3,Ясновидец
2538409,3,Роковая связь
2236590,3,Гениальная вечеринка
2043987,3,Так близко
1805431,3,План побега 3
353307,3,Военные игры
1847228,3,Турецкий транзит
1272098,3,Бомба
382721,3,Стая (8 серий)
2127366,2,Зачинщики UHD HDR
577658,2,Укради меня
1156589,2,Коблик
2040397,2,Исчадье ада
1268629,2,Лучшие враги
284523,2,Звездный путь 3: В поисках Спока
2054060,2,Голый пистолет 2 1/2: Запах страха
2547974,2,Санкция на пике Эйгера
1798950,2,Ангел UHD HDR
2111229,2,РЭД UHD HDR
2068815,2,Коррупционер UHD HDR
2548001,2,Флетч жив
1155852,2,Человек из ниоткуда
553238,2,Ярослав Мудрый
1829155,2,Маменькин сынок
356240,2,Коллектор
387362,2,Шулер
2532220,2,Двойной просчет
1810904,2,Мачете убивает
1830175,2,Сигнал
1847338,2,Преступная страсть (Двойная жизнь)
528923,2,Американская пастораль
401957,2,Вход в лабиринт
1832972,2,Последний переход
541495,2,Ловкач и Хиппоза
417448,2,Только не отпускай меня
1809349,2,Вымогательство
1845996,2,Отдел С.С.С.Р.
350934,2,Признать виновным
556577,2,Синдром Шахматиста
1848537,2,Главный калибр
345390,2,Универсальный агент
1845182,2,Красная площадь
2164091,2,Грешники и святые
1844500,2,Бухта пропавших дайверов
1855435,2,Дневник убийцы
2545346,2,Улицы в огне
1843092,2,Бежать
1813904,2,Под подозрением
546014,2,Белый взрыв
385927,1,Любовь с оружием
382532,1,Объявлены в розыск
2547902,1,Планкетт и Маклейн
395097,1,Женщина в беде 2
395818,1,Третий поединок
359957,1,Тегеран-43
461989,1,Бульвар спасения
1849153,1,Естественный отбор
1525768,1,Зеркальные войны: Отражение первое
361161,1,Досье человека в «Мерседесе»
1268979,1,Легенда для оперши
343931,1,Кайт
357717,1,Палач
1837075,1,Захочу и соскочу. Супергерои UHD
1466038,1,Агент Рагхав
1845490,1,Летучий отряд
1308979,1,Акт мести UHD
1469416,1,Автобан UHD HDR
1285214,1,Убить Гюнтера UHD
1285165,1,Отвязные каникулы UHD
1659937,1,Джентльмен грабитель
1846634,1,Служба доверия
1269175,1,Одессит
1850363,1,Точка взрыва
282709,1,Дубина
1268937,1,Розыскник
1268895,1,Дорогая
1268853,1,Трасса
2043844,1,Сияющие стволы 
1181851,1,Профессия – следователь
475980,1,Хроники мстителя
1186772,1,Дудочка крысолова
892120,1,Дом с сюрпризом
870469,1,Час расплаты
549843,1,Свое счастье
336126,1,Голова Горгоны
1497605,1,Мама не горюй 2
550249,1,Черный капитан
550711,1,Криминальный талант
550795,1,Место встречи изменить нельзя
2548181,1,Царь скорпионов
2541017,1,Шпионские игры
2114550,1,Озеро диких гусей
784332,1,Немой
334523,1,Настоящая Маккой
334041,1,Игра по-крупному
556647,1,Стрелок 2
1876611,1,Клятва UHD HDR
571325,1,Штурм Белого дома
2159248,1,Парни с Датч Киллз
1499958,1,Убить Гюнтера UHD HDR
547911,1,Под свист пуль
547407,1,Зеленый фургон
546259,1,Дерзость
2540070,1,Добро пожаловать в Акапулько
1522750,1,Оверлорд
1728829,1,Земля гангстеров
1167711,1,Ложь во спасение
1166892,1,Танец горностая
1166654,1,Медовый месяц
1162426,1,Частное лицо
2205556,1,Целуя девушек
1157212,1,В движении
1476352,1,Большой всплеск UHD
545226,1,"Как живете, караси?"
1156013,1,7 ящиков
541530,1,Муж собаки Баскервилей
1134902,1,Пляжный разбойник
327735,1,Хроники мстителя
541908,1,Казино
2558649,1,Мы умираем молодыми
542279,1,Нет спасения от любви
1813837,1,Мотылёк UHD HDR
346433,1,Тайна виллы «Грета»
